{
  "name": "Load Files to DB",
  "nodes": [
    {
      "parameters": {
        "content": "## Tool to add a Google Drive file to VectorDB",
        "height": 640,
        "width": 1540
      },
      "type": "n8n-nodes-base.stickyNote",
      "position": [
        0,
        0
      ],
      "typeVersion": 1,
      "id": "e64f2229-8d25-4bc1-ac87-63814c1f8072",
      "name": "Sticky Note"
    },
    {
      "parameters": {
        "mode": "insert",
        "tableName": {
          "__rl": true,
          "value": "documents",
          "mode": "list",
          "cachedResultName": "documents"
        },
        "options": {
          "queryName": "match_documents"
        }
      },
      "type": "@n8n/n8n-nodes-langchain.vectorStoreSupabase",
      "typeVersion": 1.1,
      "position": [
        1120,
        80
      ],
      "id": "16f2d877-d00c-4964-804f-05c1aa436b6c",
      "name": "Supabase Vector Store1",
      "credentials": {
        "supabaseApi": {
          "id": "N96aMLVFhDpgSjuk",
          "name": "Supabase account"
        }
      }
    },
    {
      "parameters": {
        "options": {}
      },
      "type": "@n8n/n8n-nodes-langchain.embeddingsOpenAi",
      "typeVersion": 1.2,
      "position": [
        1080,
        260
      ],
      "id": "06b9dafb-bef0-4245-9adf-33e6cd4c305d",
      "name": "Embeddings OpenAI1",
      "credentials": {
        "openAiApi": {
          "id": "Gi3TbeEP2DuT2zt1",
          "name": "OpenAi account"
        }
      }
    },
    {
      "parameters": {
        "dataType": "binary",
        "options": {}
      },
      "type": "@n8n/n8n-nodes-langchain.documentDefaultDataLoader",
      "typeVersion": 1,
      "position": [
        1220,
        260
      ],
      "id": "5683f3fc-952e-4b17-b06c-c9143e7ecc5e",
      "name": "Default Data Loader"
    },
    {
      "parameters": {
        "chunkOverlap": 20,
        "options": {}
      },
      "type": "@n8n/n8n-nodes-langchain.textSplitterRecursiveCharacterTextSplitter",
      "typeVersion": 1,
      "position": [
        1220,
        420
      ],
      "id": "e777ed59-0b37-4af2-80ed-a671757c9b15",
      "name": "Recursive Character Text Splitter"
    },
    {
      "parameters": {
        "pollTimes": {
          "item": [
            {
              "mode": "everyMinute"
            }
          ]
        },
        "triggerOn": "specificFolder",
        "folderToWatch": {
          "__rl": true,
          "value": "1s2CHNbq_-6iwAG6rhlvp8hKruvHCy4Xg",
          "mode": "list",
          "cachedResultName": "KnowledgeBase Test Swiset",
          "cachedResultUrl": "https://drive.google.com/drive/folders/1s2CHNbq_-6iwAG6rhlvp8hKruvHCy4Xg"
        },
        "event": "fileCreated",
        "options": {}
      },
      "type": "n8n-nodes-base.googleDriveTrigger",
      "typeVersion": 1,
      "position": [
        100,
        180
      ],
      "id": "a5fddc86-86d8-47b9-b120-e0670bcab194",
      "name": "File Created",
      "credentials": {
        "googleDriveOAuth2Api": {
          "id": "KQ41DdjYx1CkkCE9",
          "name": "Google Drive account"
        }
      }
    },
    {
      "parameters": {
        "pollTimes": {
          "item": [
            {
              "mode": "everyMinute"
            }
          ]
        },
        "triggerOn": "specificFolder",
        "folderToWatch": {
          "__rl": true,
          "value": "1s2CHNbq_-6iwAG6rhlvp8hKruvHCy4Xg",
          "mode": "list",
          "cachedResultName": "KnowledgeBase Test Swiset",
          "cachedResultUrl": "https://drive.google.com/drive/folders/1s2CHNbq_-6iwAG6rhlvp8hKruvHCy4Xg"
        },
        "event": "fileUpdated",
        "options": {}
      },
      "type": "n8n-nodes-base.googleDriveTrigger",
      "typeVersion": 1,
      "position": [
        100,
        420
      ],
      "id": "ff3cee6f-8530-4d98-bc56-3785aef95770",
      "name": "File Updated",
      "credentials": {
        "googleDriveOAuth2Api": {
          "id": "KQ41DdjYx1CkkCE9",
          "name": "Google Drive account"
        }
      }
    },
    {
      "parameters": {
        "assignments": {
          "assignments": [
            {
              "id": "76a9e949-3a86-485f-8105-51379bcb99ce",
              "name": "file_id",
              "value": "={{ $json.id }}",
              "type": "string"
            }
          ]
        },
        "options": {}
      },
      "type": "n8n-nodes-base.set",
      "typeVersion": 3.4,
      "position": [
        460,
        280
      ],
      "id": "303c7f91-bc12-4caa-ba80-5e3773a4b6fe",
      "name": "Set File ID"
    },
    {
      "parameters": {
        "operation": "delete",
        "tableId": "documents",
        "filterType": "string",
        "filterString": "=metadata->>file_id=like.*{{ $json.file_id }}"
      },
      "type": "n8n-nodes-base.supabase",
      "typeVersion": 1,
      "position": [
        660,
        80
      ],
      "id": "aaaf2d5a-7fd8-49c6-8bb2-5a19003b8e28",
      "name": "Delete Old Doc Rows",
      "credentials": {
        "supabaseApi": {
          "id": "N96aMLVFhDpgSjuk",
          "name": "Supabase account"
        }
      },
      "disabled": true
    },
    {
      "parameters": {
        "operation": "download",
        "fileId": {
          "__rl": true,
          "value": "={{ $('Set File ID').first().json.file_id }}",
          "mode": "id"
        },
        "options": {
          "googleFileConversion": {
            "conversion": {
              "docsToFormat": "text/plain"
            }
          }
        }
      },
      "type": "n8n-nodes-base.googleDrive",
      "typeVersion": 3,
      "position": [
        660,
        280
      ],
      "id": "075cc67e-bd51-4f86-bf02-2fdf39de7ea3",
      "name": "Download File",
      "alwaysOutputData": false,
      "notesInFlow": false,
      "credentials": {
        "googleDriveOAuth2Api": {
          "id": "KQ41DdjYx1CkkCE9",
          "name": "Google Drive account"
        }
      }
    },
    {
      "parameters": {
        "operation": "text",
        "options": {}
      },
      "type": "n8n-nodes-base.extractFromFile",
      "typeVersion": 1,
      "position": [
        880,
        280
      ],
      "id": "24f26f9a-c7dc-4b92-a99a-b7aa7e0175af",
      "name": "Extract Document Text"
    },
    {
      "parameters": {
        "path": "2bb0da1c-00fe-4470-9a2a-9739affe5ac8"
      },
      "type": "@n8n/n8n-nodes-langchain.mcpTrigger",
      "typeVersion": 1,
      "position": [
        100,
        780
      ],
      "id": "1a32585d-36a1-42c6-aab8-f409f0207bea",
      "name": "MCP Server Trigger",
      "webhookId": "2bb0da1c-00fe-4470-9a2a-9739affe5ac8",
      "disabled": true
    },
    {
      "parameters": {
        "operation": "search",
        "base": {
          "__rl": true,
          "value": "appWaDMw58zJoh2X3",
          "mode": "list",
          "cachedResultName": "Base de clientes",
          "cachedResultUrl": "https://airtable.com/appWaDMw58zJoh2X3"
        },
        "table": {
          "__rl": true,
          "value": "tblUoUq2wNmlrVTYP",
          "mode": "list",
          "cachedResultName": "Usuarios",
          "cachedResultUrl": "https://airtable.com/appWaDMw58zJoh2X3/tblUoUq2wNmlrVTYP"
        },
        "filterByFormula": "={{ /*n8n-auto-generated-fromAI-override*/ $fromAI('Filter_By_Formula', ``, 'string') }}",
        "options": {}
      },
      "type": "n8n-nodes-base.airtableTool",
      "typeVersion": 2.1,
      "position": [
        200,
        1020
      ],
      "id": "05202715-123a-435e-9bba-ad1db73be509",
      "name": "Buscar usuarios",
      "credentials": {
        "airtableTokenApi": {
          "id": "2lTJ8PGqvCwWP8Fw",
          "name": "Airtable Personal Access Token account"
        }
      },
      "disabled": true
    },
    {
      "parameters": {
        "operation": "search",
        "base": {
          "__rl": true,
          "value": "appWaDMw58zJoh2X3",
          "mode": "list",
          "cachedResultName": "Base de clientes",
          "cachedResultUrl": "https://airtable.com/appWaDMw58zJoh2X3"
        },
        "table": {
          "__rl": true,
          "value": "tblFd4RfqyN8YdJ2x",
          "mode": "list",
          "cachedResultName": "Tickets",
          "cachedResultUrl": "https://airtable.com/appWaDMw58zJoh2X3/tblFd4RfqyN8YdJ2x"
        },
        "filterByFormula": "={{ /*n8n-auto-generated-fromAI-override*/ $fromAI('Filter_By_Formula', ``, 'string') }}",
        "options": {}
      },
      "type": "n8n-nodes-base.airtableTool",
      "typeVersion": 2.1,
      "position": [
        360,
        1020
      ],
      "id": "d9b09f77-322e-4d58-925a-59727572e13b",
      "name": "Buscar tickets",
      "credentials": {
        "airtableTokenApi": {
          "id": "2lTJ8PGqvCwWP8Fw",
          "name": "Airtable Personal Access Token account"
        }
      },
      "disabled": true
    },
    {
      "parameters": {
        "operation": "upsert",
        "base": {
          "__rl": true,
          "value": "appWaDMw58zJoh2X3",
          "mode": "list",
          "cachedResultName": "Base de clientes",
          "cachedResultUrl": "https://airtable.com/appWaDMw58zJoh2X3"
        },
        "table": {
          "__rl": true,
          "value": "tblFd4RfqyN8YdJ2x",
          "mode": "list",
          "cachedResultName": "Tickets",
          "cachedResultUrl": "https://airtable.com/appWaDMw58zJoh2X3/tblFd4RfqyN8YdJ2x"
        },
        "columns": {
          "mappingMode": "defineBelow",
          "value": {
            "id": "={{ /*n8n-auto-generated-fromAI-override*/ $fromAI('id__using_to_match_', ``, 'string') }}",
            "Resumen": "={{ /*n8n-auto-generated-fromAI-override*/ $fromAI('Resumen', ``, 'string') }}",
            "Tipo": "={{ $fromAI(\"Tipo\") }}",
            "Producto": "={{ $fromAI(\"Producto\") }}",
            "Status": "={{ $fromAI(\"Status\") }}"
          },
          "matchingColumns": [
            "id"
          ],
          "schema": [
            {
              "id": "id",
              "displayName": "id",
              "required": false,
              "defaultMatch": true,
              "display": true,
              "type": "string",
              "readOnly": true,
              "removed": false
            },
            {
              "id": "ID",
              "displayName": "ID",
              "required": false,
              "defaultMatch": false,
              "canBeUsedToMatch": true,
              "display": true,
              "type": "string",
              "readOnly": true,
              "removed": true
            },
            {
              "id": "Resumen",
              "displayName": "Resumen",
              "required": false,
              "defaultMatch": false,
              "canBeUsedToMatch": true,
              "display": true,
              "type": "string",
              "readOnly": false,
              "removed": false
            },
            {
              "id": "Tipo",
              "displayName": "Tipo",
              "required": false,
              "defaultMatch": false,
              "canBeUsedToMatch": true,
              "display": true,
              "type": "options",
              "options": [
                {
                  "name": "Nivel 3",
                  "value": "Nivel 3"
                },
                {
                  "name": "Nivel 2",
                  "value": "Nivel 2"
                },
                {
                  "name": "Nivel 1",
                  "value": "Nivel 1"
                }
              ],
              "readOnly": false,
              "removed": false
            },
            {
              "id": "Producto",
              "displayName": "Producto",
              "required": false,
              "defaultMatch": false,
              "canBeUsedToMatch": true,
              "display": true,
              "type": "options",
              "options": [
                {
                  "name": "Customer Engagement",
                  "value": "Customer Engagement"
                },
                {
                  "name": "ZapSign",
                  "value": "ZapSign"
                },
                {
                  "name": "Digital Identity",
                  "value": "Digital Identity"
                }
              ],
              "readOnly": false,
              "removed": false
            },
            {
              "id": "Status",
              "displayName": "Status",
              "required": false,
              "defaultMatch": false,
              "canBeUsedToMatch": true,
              "display": true,
              "type": "options",
              "options": [
                {
                  "name": "Resuelto por agente",
                  "value": "Resuelto por agente"
                },
                {
                  "name": "En proceso",
                  "value": "En proceso"
                },
                {
                  "name": "Con asesor",
                  "value": "Con asesor"
                }
              ],
              "readOnly": false,
              "removed": false
            }
          ],
          "attemptToConvertTypes": false,
          "convertFieldsToString": false
        },
        "options": {}
      },
      "type": "n8n-nodes-base.airtableTool",
      "typeVersion": 2.1,
      "position": [
        520,
        1020
      ],
      "id": "2bca2243-e462-4ff7-8b3e-4448b2394a34",
      "name": "Actualizar o crear tickets",
      "credentials": {
        "airtableTokenApi": {
          "id": "2lTJ8PGqvCwWP8Fw",
          "name": "Airtable Personal Access Token account"
        }
      },
      "disabled": true
    },
    {
      "parameters": {
        "base": {
          "__rl": true,
          "value": "appWaDMw58zJoh2X3",
          "mode": "list",
          "cachedResultName": "Base de clientes",
          "cachedResultUrl": "https://airtable.com/appWaDMw58zJoh2X3"
        },
        "table": {
          "__rl": true,
          "value": "tblFd4RfqyN8YdJ2x",
          "mode": "list",
          "cachedResultName": "Tickets",
          "cachedResultUrl": "https://airtable.com/appWaDMw58zJoh2X3/tblFd4RfqyN8YdJ2x"
        },
        "id": "={{ /*n8n-auto-generated-fromAI-override*/ $fromAI('Record_ID', ``, 'string') }}",
        "options": {}
      },
      "type": "n8n-nodes-base.airtableTool",
      "typeVersion": 2.1,
      "position": [
        660,
        1020
      ],
      "id": "2f281f26-7dd4-4e81-b1b5-854ff1769332",
      "name": "Traer tickets",
      "credentials": {
        "airtableTokenApi": {
          "id": "2lTJ8PGqvCwWP8Fw",
          "name": "Airtable Personal Access Token account"
        }
      },
      "disabled": true
    },
    {
      "parameters": {
        "base": {
          "__rl": true,
          "value": "appWaDMw58zJoh2X3",
          "mode": "list",
          "cachedResultName": "Base de clientes",
          "cachedResultUrl": "https://airtable.com/appWaDMw58zJoh2X3"
        },
        "table": {
          "__rl": true,
          "value": "tblUoUq2wNmlrVTYP",
          "mode": "list",
          "cachedResultName": "Usuarios",
          "cachedResultUrl": "https://airtable.com/appWaDMw58zJoh2X3/tblUoUq2wNmlrVTYP"
        },
        "id": "={{ /*n8n-auto-generated-fromAI-override*/ $fromAI('Record_ID', ``, 'string') }}",
        "options": {}
      },
      "type": "n8n-nodes-base.airtableTool",
      "typeVersion": 2.1,
      "position": [
        780,
        1020
      ],
      "id": "ee84a403-758a-44ab-b4a1-9ef5afeb17e1",
      "name": "Traer tickets1",
      "credentials": {
        "airtableTokenApi": {
          "id": "2lTJ8PGqvCwWP8Fw",
          "name": "Airtable Personal Access Token account"
        }
      },
      "disabled": true
    }
  ],
  "pinData": {},
  "connections": {
    "Embeddings OpenAI1": {
      "ai_embedding": [
        [
          {
            "node": "Supabase Vector Store1",
            "type": "ai_embedding",
            "index": 0
          }
        ]
      ]
    },
    "Default Data Loader": {
      "ai_document": [
        [
          {
            "node": "Supabase Vector Store1",
            "type": "ai_document",
            "index": 0
          }
        ]
      ]
    },
    "Recursive Character Text Splitter": {
      "ai_textSplitter": [
        [
          {
            "node": "Default Data Loader",
            "type": "ai_textSplitter",
            "index": 0
          }
        ]
      ]
    },
    "File Created": {
      "main": [
        [
          {
            "node": "Set File ID",
            "type": "main",
            "index": 0
          }
        ]
      ]
    },
    "File Updated": {
      "main": [
        [
          {
            "node": "Set File ID",
            "type": "main",
            "index": 0
          }
        ]
      ]
    },
    "Set File ID": {
      "main": [
        [
          {
            "node": "Download File",
            "type": "main",
            "index": 0
          }
        ]
      ]
    },
    "Download File": {
      "main": [
        [
          {
            "node": "Extract Document Text",
            "type": "main",
            "index": 0
          }
        ]
      ]
    },
    "Extract Document Text": {
      "main": [
        [
          {
            "node": "Supabase Vector Store1",
            "type": "main",
            "index": 0
          }
        ]
      ]
    },
    "Buscar usuarios": {
      "ai_tool": [
        [
          {
            "node": "MCP Server Trigger",
            "type": "ai_tool",
            "index": 0
          }
        ]
      ]
    },
    "Buscar tickets": {
      "ai_tool": [
        [
          {
            "node": "MCP Server Trigger",
            "type": "ai_tool",
            "index": 0
          }
        ]
      ]
    },
    "Actualizar o crear tickets": {
      "ai_tool": [
        [
          {
            "node": "MCP Server Trigger",
            "type": "ai_tool",
            "index": 0
          }
        ]
      ]
    },
    "Traer tickets": {
      "ai_tool": [
        [
          {
            "node": "MCP Server Trigger",
            "type": "ai_tool",
            "index": 0
          }
        ]
      ]
    },
    "Traer tickets1": {
      "ai_tool": [
        [
          {
            "node": "MCP Server Trigger",
            "type": "ai_tool",
            "index": 0
          }
        ]
      ]
    }
  },
  "active": false,
  "settings": {
    "executionOrder": "v1"
  },
  "versionId": "c9ed968d-faa7-4052-acf9-5ffa0d2cbce7",
  "meta": {
    "templateCredsSetupCompleted": true,
    "instanceId": "2a03729b8ddef2ff770a781a7a720b3e7f7450420ffede6ea01cb1778ddbc3d5"
  },
  "id": "CDsuTr1JR3FTvqIW",
  "tags": []
}