{
  "name": "Support Chat for Ticketing - Send Notifications",
  "nodes": [
    {
      "parameters": {
        "workflowInputs": {
          "values": [
            {
              "name": "ticket_id",
              "type": "number"
            },
            {
              "name": "name"
            },
            {
              "name": "email"
            },
            {
              "name": "issue_description"
            },
            {
              "name": "trading_platform"
            },
            {
              "name": "affected_accounts"
            },
            {
              "name": "resolved_issue"
            }
          ]
        }
      },
      "type": "n8n-nodes-base.executeWorkflowTrigger",
      "typeVersion": 1.1,
      "position": [
        -20,
        -20
      ],
      "id": "4343c66b-7264-4374-a452-f3e756e67a3a",
      "name": "When Executed by Another Workflow"
    },
    {
      "parameters": {
        "documentId": {
          "__rl": true,
          "value": "1c00eGmWdE2XJNOw8tQBnQn6XN6AzrAadD2JuQsossRQ",
          "mode": "list",
          "cachedResultName": "Ticketing CRM",
          "cachedResultUrl": "https://docs.google.com/spreadsheets/d/1c00eGmWdE2XJNOw8tQBnQn6XN6AzrAadD2JuQsossRQ/edit?usp=drivesdk"
        },
        "sheetName": {
          "__rl": true,
          "value": "gid=0",
          "mode": "list",
          "cachedResultName": "Hoja 1",
          "cachedResultUrl": "https://docs.google.com/spreadsheets/d/1c00eGmWdE2XJNOw8tQBnQn6XN6AzrAadD2JuQsossRQ/edit#gid=0"
        },
        "filtersUI": {
          "values": [
            {
              "lookupColumn": "resolved_issue",
              "lookupValue": "Pending"
            }
          ]
        },
        "options": {
          "returnFirstMatch": true
        }
      },
      "type": "n8n-nodes-base.googleSheets",
      "typeVersion": 4.5,
      "position": [
        180,
        -20
      ],
      "id": "a7014c52-14be-4448-92a5-ef465c19c12e",
      "name": "Google Sheets",
      "credentials": {
        "googleSheetsOAuth2Api": {
          "id": "p038Qz13tin96WF5",
          "name": "Google Sheets account"
        }
      }
    },
    {
      "parameters": {
        "sendTo": "tamayogaviriasamuel@protonmail.com",
        "subject": "=Nuevo Ticket Creado #{{ $json.ticket_id }}",
        "message": "=\n* Ticket ID: {{ $json.ticket_id }}\n* User name: {{ $json.name }}\n* User email: {{ $json.email }}\n* Issue description: {{ $json.issue_description }}\n* Trading platform: {{ $json.trading_platfiorm }}\n* Affected accounts: {{ $json.affected_accounts }}",
        "options": {}
      },
      "type": "n8n-nodes-base.gmail",
      "typeVersion": 2.1,
      "position": [
        400,
        -140
      ],
      "id": "a10a0bec-85d6-4f59-a3c7-b0858b89737b",
      "name": "Notification to Support Team",
      "webhookId": "e3dc470c-5417-42c1-8a13-ea5c4a1ab80f",
      "credentials": {
        "gmailOAuth2": {
          "id": "nU5Qyg0vuX2XzuYF",
          "name": "Gmail account"
        }
      }
    },
    {
      "parameters": {
        "sendTo": "={{ $json.email }}",
        "subject": "=Nuevo Ticket Creado #{{ $json.ticket_id }}",
        "emailType": "text",
        "message": "=Tu ticket #{{ $json.ticket_id }} fue creado con éxito, los siguientes son los datos reportados:\n\n* Ticket ID: {{ $json.ticket_id }}\n* Issue description: {{ $json.issue_description }}\n* Trading platform: {{ $json.trading_platfiorm }}\n* Affected accounts: {{ $json.affected_accounts }}",
        "options": {}
      },
      "type": "n8n-nodes-base.gmail",
      "typeVersion": 2.1,
      "position": [
        400,
        100
      ],
      "id": "db2828b3-3e85-46d2-8e47-2f7a74ac5f4f",
      "name": "Notification to User",
      "webhookId": "e3dc470c-5417-42c1-8a13-ea5c4a1ab80f",
      "credentials": {
        "gmailOAuth2": {
          "id": "nU5Qyg0vuX2XzuYF",
          "name": "Gmail account"
        }
      }
    }
  ],
  "pinData": {},
  "connections": {
    "When Executed by Another Workflow": {
      "main": [
        [
          {
            "node": "Google Sheets",
            "type": "main",
            "index": 0
          }
        ]
      ]
    },
    "Google Sheets": {
      "main": [
        [
          {
            "node": "Notification to Support Team",
            "type": "main",
            "index": 0
          },
          {
            "node": "Notification to User",
            "type": "main",
            "index": 0
          }
        ]
      ]
    }
  },
  "active": true,
  "settings": {
    "executionOrder": "v1"
  },
  "versionId": "e0daa4f4-c81b-471c-bfdd-fa698953ee1d",
  "meta": {
    "templateCredsSetupCompleted": true,
    "instanceId": "2a03729b8ddef2ff770a781a7a720b3e7f7450420ffede6ea01cb1778ddbc3d5"
  },
  "id": "96XcHngcuEU8XbBb",
  "tags": []
}